"","X","site","¾­¶È","Î³¶È"
"1",1,"1001A",116.366,39.8673
"2",2,"1002A",116.17,40.2865
"3",3,"1003A",116.434,39.9522
"4",4,"1004A",116.434,39.8745
"5",5,"1005A",116.473,39.9716
"6",6,"1006A",116.361,39.9425
"7",7,"1007A",116.315,39.9934
"8",8,"1008A",116.72,40.1438
"9",9,"1009A",116.644,40.3937
"10",10,"1010A",116.23,40.1952
"11",11,"1011A",116.407,40.0031
"12",12,"1012A",116.225,39.9279
"13",13,"1013A",117.151,39.097
"14",14,"1014A",117.193,39.173
"15",15,"1015A",117.145,39.1654
"16",16,"1016A",117.184,39.1205
"17",17,"1017A",117.237,39.1082
"18",18,"1018A",117.202,39.0927
"19",19,"1019A",117.1837,39.2133
"20",20,"1020A",117.269,39.1337
"21",21,"1021A",117.307,39.0877
"22",22,"1024A",117.457,38.8394
"23",23,"1025A",117.401,39.124
"24",24,"1027A",117.157,38.9194
"25",25,"1029A",114.4548,38.0513
"26",26,"1030A",114.6046,38.0398
"27",27,"1031A",114.5019,38.1398
"28",28,"1032A",114.4586111,38.00583333
"29",29,"1033A",114.5330556,38.01777778
"30",30,"1034A",114.5214,38.0524
"31",31,"1035A",114.3541,37.9097
"32",32,"1036A",118.1662,39.6308
"33",33,"1037A",118.144,39.643
"34",34,"1038A",118.1853,39.6407
"35",35,"1039A",118.2185,39.6679
"36",36,"1040A",118.1838,39.65782
"37",37,"1041A",118.1997,39.6295
"38",38,"1043A",119.7624,40.0181
"39",39,"1044A",119.6023,39.9567
"40",40,"1047A",114.5129,36.61763
"41",41,"1048A",114.5426,36.6164
"42",42,"1049A",114.5035,36.5776
"43",43,"1050A",114.4965,36.61981
"44",44,"1051A",115.493,38.8632
"45",45,"1052A",115.5223,38.8957
"46",46,"1053A",115.4713,38.9108
"47",47,"1054A",115.4612,38.8416
"48",48,"1055A",115.442,38.8756
"49",49,"1056A",115.5214,38.8707
"50",50,"1057A",114.8985,40.8367
"51",51,"1058A",114.892,40.79481
"52",52,"1059A",114.8814,40.8115
"53",53,"1060A",114.9032,40.7688
"54",54,"1061A",114.904,40.8725
"55",55,"1062A",117.9664,40.9161
"56",56,"1063A",117.9525,40.9843
"57",57,"1064A",117.963,40.9359
"58",58,"1065A",117.8184,40.9733
"59",59,"1066A",117.9384,41.0112
"60",60,"1067A",116.6838,39.5178
"61",61,"1068A",116.7729,39.5747
"62",62,"1069A",116.715,39.5571
"63",63,"1070A",116.7464,39.5343
"64",64,"1071A",116.8854,38.2991
"65",65,"1072A",116.8584,38.3254
"66",66,"1073A",116.8709,38.3228
"67",67,"1074A",115.6951,37.7575
"68",68,"1075A",115.6426,37.7379
"69",69,"1076A",115.6906,37.739
"70",70,"1077A",114.4821,37.0967
"71",71,"1078A",114.5261,37.0533
"72",72,"1079A",114.5331,37.0964
"73",73,"1080A",114.4854,37.062
"74",74,"1081A",112.522,37.8873
"75",75,"1082A",112.573,37.9103
"76",76,"1083A",112.434,38.0108
"77",77,"1084A",112.469,37.7124
"78",78,"1085A",112.5583,37.7394
"79",79,"1086A",112.5369,37.8692
"80",80,"1087A",112.57,37.8195
"81",81,"1088A",112.549,37.9854
"82",82,"1089A",112.488,37.7805
"83",83,"1090A",111.651,40.7579
"84",84,"1091A",111.658,40.8033
"85",85,"1092A",111.659,40.8452
"86",86,"1093A",111.608,40.8144
"87",87,"1094A",111.751,40.8369
"88",88,"1095A",111.7277,40.8062
"89",89,"1096A",111.551,40.7866
"90",90,"1097A",111.717,40.7612
"91",91,"1098A",123.6836,41.9339
"92",92,"1099A",123.535,41.7561
"93",93,"1100A",123.439,41.7089
"94",94,"1101A",123.284,41.7694
"95",95,"1102A",123.542,41.8336
"96",96,"1103A",123.428,41.8472
"97",97,"1104A",123.41,41.765
"98",98,"1105A",123.478,41.7775
"99",99,"1106A",123.3997,41.7972
"100",100,"1107A",123.3606,41.7806
"101",101,"1108A",123.3783,41.9228
"102",102,"1115A",121.2588889,38.80805556
"103",103,"1116A",121.7481,39.1311
"104",104,"1117A",121.7769,39.0511
"105",105,"1119A",125.323,43.9167
"106",106,"1120A",125.287,43.91
"107",107,"1121A",125.2786,43.84
"108",108,"1122A",125.3649,43.8748
"109",109,"1123A",125.325,43.8694
"110",110,"1124A",125.454,43.7878
"111",111,"1125A",125.633,43.55
"112",112,"1126A",125.417,43.8667
"113",113,"1127A",125.25,43.8167
"114",114,"1128A",125.217,43.85
"115",115,"1129A",126.542,45.755
"116",116,"1130A",126.561,45.8167
"117",117,"1131A",126.979,45.5422
"118",118,"1132A",126.599,45.7222
"119",119,"1133A",126.689,45.7733
"120",120,"1134A",126.635,45.7667
"121",121,"1135A",126.685,45.7319
"122",122,"1136A",126.646,45.7258
"123",123,"1137A",126.593,45.7478
"124",124,"1138A",126.615,45.61
"125",125,"1139A",126.6106,45.9819
"126",126,"1140A",126.6206,45.6842
"127",127,"1142A",121.478,31.2036
"128",128,"1143A",121.467,31.3008
"129",129,"1144A",121.412,31.1654
"130",130,"1145A",121.536,31.2659
"131",131,"1146A",120.978,31.0935
"132",132,"1147A",121.425,31.2261
"133",133,"1148A",121.703,31.1907
"134",134,"1149A",121.533,31.2284
"135",135,"1150A",121.577,31.2071
"136",136,"1151A",118.803,32.1083
"137",137,"1152A",118.749,32.0572
"138",138,"1153A",118.778,32.0723
"139",139,"1154A",118.777,32.0144
"140",140,"1155A",118.803,32.0314
"141",141,"1156A",118.795,32.0775
"142",142,"1157A",118.626,32.0878
"143",143,"1158A",118.737,32.0092
"144",144,"1159A",118.907,32.105
"145",145,"1160A",120.561,31.2472
"146",146,"1161A",120.628,31.2864
"147",147,"1162A",120.591,31.3019
"148",148,"1163A",120.596,31.3264
"149",149,"1164A",120.613,31.2703
"150",150,"1165A",120.543,31.2994
"151",151,"1166A",120.669,31.3097
"152",152,"1167A",120.641,31.3708
"153",153,"1168A",120.913,31.96
"154",154,"1169A",120.86,32.0005
"155",155,"1170A",120.87,32.02
"156",156,"1171A",120.94,31.93
"157",157,"1172A",120.81,32.0417
"158",158,"1173A",119.176,34.5885
"159",159,"1174A",119.141,34.5896
"160",160,"1176A",119.348,34.6984
"161",161,"1177A",117.167,34.2761
"162",162,"1178A",117.192,34.2417
"163",163,"1179A",117.192,34.3083
"164",164,"1180A",117.256,34.2153
"165",165,"1181A",117.244,34.2911
"166",166,"1182A",117.2933,34.2778
"167",167,"1183A",117.166,34.1806
"168",168,"1184A",119.46,32.3878
"169",169,"1185A",119.404,32.41
"170",170,"1186A",119.389,32.3761
"171",171,"1187A",119.439,32.4033
"172",172,"1188A",120.269,31.4867
"173",173,"1189A",120.275,31.6219
"174",174,"1191A",120.242,31.5031
"175",175,"1192A",120.354,31.5848
"176",176,"1193A",120.354,31.5475
"177",177,"1194A",120.245,31.5631
"178",178,"1195A",120.288,31.6842
"179",179,"1196A",119.996,31.7586
"180",180,"1197A",119.933,31.7786
"181",181,"1198A",119.962,31.8089
"182",182,"1199A",120.0393,31.7638
"183",183,"1200A",119.935,31.7039
"184",184,"1201A",119.905,31.9108
"185",185,"1203A",119.68,32.1883
"186",186,"1204A",119.491,32.215
"187",187,"1205A",119.43,32.1319
"188",188,"1206A",119.9,32.4867
"189",189,"1207A",119.9219,32.4611
"190",190,"1208A",119.882,32.303
"191",191,"1209A",119.888,32.4639
"192",192,"1210A",119.036,33.5981
"193",193,"1211A",119.007,33.575
"194",194,"1212A",118.989,33.6067
"195",195,"1213A",119.135,33.5039
"196",196,"1214A",119.0122,33.627
"197",197,"1215A",120.118,33.4022
"198",198,"1216A",120.156,33.3942
"199",199,"1217A",120.129,33.3719
"200",200,"1218A",120.225,33.3947
"201",201,"1219A",118.2658,33.96
"202",202,"1220A",118.293,33.9528
"203",203,"1221A",118.2442,33.9592
"204",204,"1222A",118.3214,33.9506
"205",205,"1223A",120.211,30.21
"206",206,"1224A",120.063,30.2747
"207",207,"1225A",119.026,29.635
"208",208,"1226A",120.348,30.3058
"209",209,"1227A",120.127,30.2456
"210",210,"1228A",120.19,30.2692
"211",211,"1229A",120.157,30.2897
"212",212,"1230A",120.12,30.3119
"213",213,"1231A",120.301,30.4183
"214",214,"1232A",120.27,30.1819
"215",215,"1233A",120.088,30.1808
"216",216,"1234A",121.836,29.9108
"217",217,"1235A",121.56,29.8208
"218",218,"1237A",121.554,29.8906
"219",219,"1239A",121.633,29.7736
"220",220,"1240A",121.586,29.8633
"221",221,"1241A",121.524,29.8506
"222",222,"1242A",120.634,28.0089
"223",223,"1243A",120.677,27.9939
"224",224,"1244A",120.76,27.9747
"225",225,"1245A",120.671,28.0167
"226",226,"1246A",120.598,30.0911
"227",227,"1247A",120.605,29.9919
"228",228,"1248A",120.576,30.007
"229",229,"1249A",120.1,30.8867
"230",230,"1250A",120.07,30.8244
"231",231,"1251A",120.093,30.8617
"232",232,"1252A",120.744,30.7946
"233",233,"1253A",120.726,30.7478
"234",234,"1255A",121.273,28.6459
"235",235,"1256A",121.419,28.6542
"236",236,"1257A",121.377,28.5773
"237",237,"1261A",119.649,29.1131
"238",238,"1262A",119.647,29.077
"239",239,"1263A",119.686,29.1029
"240",240,"1264A",118.871,28.9404
"241",241,"1265A",118.871,28.9664
"242",242,"1266A",118.855,28.9745
"243",243,"1267A",119.914,28.4514
"244",244,"1268A",119.93,28.4586
"245",245,"1269A",119.879,28.4231
"246",246,"1270A",117.196,31.7848
"247",247,"1271A",117.307,31.8766
"248",248,"1272A",117.259,31.8706
"249",249,"1273A",117.16,31.9051
"250",250,"1274A",117.25,31.8572
"251",251,"1275A",117.266,31.9438
"252",252,"1276A",117.336,31.8585
"253",253,"1277A",117.302,31.7956
"254",254,"1278A",117.278,31.7386
"255",255,"1279A",117.124,31.8516
"256",256,"1280A",119.389,26.0542
"257",257,"1281A",119.414,26.0258
"258",258,"1282A",119.303,26.0392
"259",259,"1283A",119.299,26.1092
"260",260,"1284A",119.268,26.0797
"261",261,"1285A",119.315,26.0753
"262",262,"1286A",118.1569444,24.81805556
"263",263,"1287A",118.1513889,24.47666667
"264",264,"1288A",118.0636111,24.44583333
"265",265,"1290A",115.893,28.6844
"266",266,"1291A",115.8886,28.6839
"267",267,"1292A",115.813,28.7442
"268",268,"1293A",115.973,28.6969
"269",269,"1294A",115.852,28.6869
"270",270,"1295A",115.892,28.6425
"271",271,"1296A",115.742,28.7994
"272",272,"1297A",115.912,28.6131
"273",273,"1298A",115.931,28.6844
"274",274,"1299A",116.988,36.6114
"275",275,"1300A",116.93,36.67
"276",276,"1301A",117.114,36.6739
"277",277,"1302A",116.989,36.6872
"278",278,"1303A",117.0684,36.6868
"279",279,"1304A",116.943,36.6489
"280",280,"1305A",117.049,36.6622
"281",281,"1306A",116.734,36.5336
"282",282,"1308A",120.3905,36.1851
"283",283,"1314A",120.1964,36.3083
"284",284,"1315A",120.4001,36.2403
"285",285,"1316A",113.681,34.7545
"286",286,"1317A",113.641,34.7745
"287",287,"1318A",113.675,34.8019
"288",288,"1319A",113.564,34.802
"289",289,"1320A",113.727,34.7187
"290",290,"1321A",113.734,34.719
"291",291,"1322A",113.5991,34.7496
"292",292,"1323A",113.6356,34.7538
"293",293,"1324A",113.6113,34.9162
"294",294,"1325A",114.3672,30.5719
"295",295,"1326A",114.2511,30.5514
"296",296,"1327A",114.2836,30.6197
"297",297,"1328A",114.3006,30.5494
"298",298,"1329A",114.4272,30.6103
"299",299,"1330A",114.1525,30.4753
"300",300,"1331A",114.3008,30.5947
"301",301,"1332A",114.3894,30.4822
"302",302,"1333A",114.2131,30.6414
"303",303,"1334A",113.8531,30.2997
"304",304,"1335A",113.0833,28.2325
"305",305,"1336A",112.8872,28.2189
"306",306,"1337A",113.0792,28.2053
"307",307,"1338A",112.9394,28.19
"308",308,"1339A",112.9956,28.1442
"309",309,"1340A",112.9792,28.2597
"310",310,"1341A",113.0014,28.1944
"311",311,"1342A",112.9844,28.1178
"312",312,"1343A",112.8908,28.1308
"313",313,"1344A",112.9958,28.3586
"314",314,"1345A",113.235,23.1422
"315",315,"1346A",113.261,23.105
"316",316,"1348A",113.348,23.0916
"317",317,"1349A",113.433,23.105
"318",318,"1350A",113.352,22.9477
"319",319,"1351A",113.215,23.3917
"320",320,"1352A",113.26,23.1331
"321",321,"1353A",113.568,23.2783
"322",322,"1354A",113.281,23.1569
"323",323,"1355A",113.589,23.5538
"324",324,"1356A",114.1063,22.5545
"325",325,"1357A",114.117,22.5625
"326",326,"1358A",113.987,22.5417
"327",327,"1359A",113.9181,22.5171
"328",328,"1360A",114.263,22.5908
"329",329,"1361A",114.24,22.7267
"330",330,"1362A",113.891,22.5794
"331",331,"1363A",114.494,22.5422
"332",332,"1364A",114.41,22.6342
"333",333,"1365A",114.297,22.5978
"334",334,"1366A",114.085,22.75
"335",335,"1367A",113.574,22.2611
"336",336,"1368A",113.495,22.2294
"337",337,"1370A",113.299,22.2281
"338",338,"1371A",113.134,23.0048
"339",339,"1372A",113.105,23.0395
"340",340,"1373A",113.144,23.0467
"341",341,"1374A",113.292,22.8054
"342",342,"1375A",113.257,22.7629
"343",343,"1376A",112.844,22.8693
"344",344,"1377A",112.885,23.1572
"345",345,"1378A",112.863,23.1886
"346",346,"1379A",113.3769,22.5211
"347",347,"1380A",113.3881,22.5497
"348",348,"1381A",113.4075,22.5111
"349",349,"1382A",113.4411,22.4853
"350",350,"1383A",113.104,22.6069
"351",351,"1384A",113.074,22.5811
"352",352,"1385A",113.024,22.5328
"353",353,"1386A",113.0819,22.5931
"354",354,"1387A",113.7819444,23.05361111
"355",355,"1388A",113.7461111,23.02777778
"356",356,"1389A",113.7480556,23.06
"357",357,"1390A",113.7944444,23.01277778
"358",358,"1391A",113.7383333,22.96583333
"359",359,"1392A",114.4183,23.0528
"360",360,"1393A",114.4053,23.08
"361",361,"1394A",114.4103,23.1142
"362",362,"1395A",114.3244,22.8172
"363",363,"1397A",112.427,23.0706
"364",364,"1398A",112.471,23.0528
"365",365,"1399A",112.565,23.1617
"366",366,"1401A",108.301,22.7875
"367",367,"1402A",108.316,22.8561
"368",368,"1403A",108.321,22.8225
"369",369,"1404A",108.383,22.805
"370",370,"1405A",108.439,22.7906
"371",371,"1406A",108.239,22.8464
"372",372,"1407A",108.328,22.735
"373",373,"1408A",108.244,22.7833
"374",374,"1409A",110.576,19.9507
"375",375,"1410A",110.3232,20.0574
"376",376,"1411A",110.283,20.0053
"377",377,"1412A",110.338,19.9969
"378",378,"1413A",110.33,20.0356
"379",379,"1414A",106.379,29.8272
"380",380,"1415A",106.46,29.5736
"381",381,"1416A",106.424,29.8264
"382",382,"1417A",106.626,29.7228
"383",383,"1418A",106.296,29.5983
"384",384,"1419A",106.54,29.5186
"385",385,"1420A",106.65,29.6219
"386",386,"1421A",106.634,29.4892
"387",387,"1422A",106.364,29.4822
"388",388,"1423A",106.571,29.5642
"389",389,"1424A",106.512,29.5164
"390",390,"1425A",106.617,29.7125
"391",391,"1426A",106.468,29.4892
"392",392,"1427A",106.562,29.6453
"393",393,"1428A",106.452,29.709
"394",394,"1429A",106.513,29.389
"395",395,"1430A",106.591,29.4272
"396",396,"1431A",103.97275,30.72358333
"397",397,"1432A",104.176,30.6872
"398",398,"1433A",104.079,30.5706
"399",399,"1434A",104.1113889,30.63
"400",400,"1435A",104.074,30.685
"401",401,"1436A",104.026,30.6544
"402",402,"1437A",104.054,30.6578
"403",403,"1438A",103.613,31.0283
"404",404,"1439A",106.6856,26.6029
"405",405,"1440A",106.6971,26.5689
"406",406,"1441A",106.6243,26.6266
"407",407,"1442A",106.7487,26.6343
"408",408,"1443A",106.6554,26.4364
"409",409,"1444A",106.6948,26.5155
"410",410,"1445A",106.7105,26.6009
"411",411,"1446A",106.7164,26.5697
"412",412,"1447A",106.6867,26.5495
"413",413,"1449A",102.743,25.0124
"414",414,"1450A",102.821,24.8885
"415",415,"1451A",102.625,24.9624
"416",416,"1452A",102.728,25.0836
"417",417,"1453A",102.722,25.0405
"418",418,"1454A",102.681,25.067
"419",419,"1455A",102.638,25.0359
"420",420,"1456A",91.1319,29.6514
"421",421,"1457A",91.1221,29.6747
"422",422,"1458A",91.0874,29.6475
"423",423,"1459A",91.1774,29.6541
"424",424,"1460A",90.9798,29.6588
"425",425,"1461A",91.0834,29.6292
"426",426,"1462A",108.882,34.2749
"427",427,"1463A",108.993,34.2629
"428",428,"1464A",109.06,34.2572
"429",429,"1465A",108.94,34.2324
"430",430,"1466A",108.954,34.2713
"431",431,"1467A",108.883,34.2303
"432",432,"1468A",108.935,34.3474
"433",433,"1469A",108.906,34.1546
"434",434,"1470A",109.2,34.6575
"435",435,"1471A",109.2186,34.3731
"436",436,"1472A",108.869,34.378
"437",437,"1473A",108.985,34.1978
"438",438,"1474A",109.043,34.3274
"439",439,"1475A",103.712,36.0756
"440",440,"1476A",103.631,36.1031
"441",441,"1477A",104.148,35.94
"442",442,"1478A",103.841,36.0725
"443",443,"1479A",103.831,36.0464
"444",444,"1480A",101.748,36.6428
"445",445,"1481A",101.749,36.6922
"446",446,"1482A",101.834,36.5819
"447",447,"1483A",101.524,36.6867
"448",448,"1484A",105.9512,38.6016
"449",449,"1485A",106.2682,38.4744
"450",450,"1486A",106.217,38.4536
"451",451,"1487A",106.0715,38.4858
"452",452,"1488A",106.2328,38.4975
"453",453,"1489A",106.1358,38.5036
"454",454,"1490A",87.5801,43.8303
"455",455,"1491A",87.6046,43.768
"456",456,"1492A",87.4754,43.9469
"457",457,"1493A",87.5525,43.8711
"458",458,"1494A",87.6432,43.831
"459",459,"1495A",87.4171,43.8729
"460",460,"1496A",87.6444,43.962
"461",461,"1508A",112.9433,27.8614
"462",462,"1511A",112.9118,27.8403
"463",463,"1512A",112.8937,27.8728
"464",464,"1513A",112.9227,27.8159
"465",465,"1514A",112.9074,27.9119
"466",466,"1515A",113.135,27.8244
"467",467,"1518A",113.095,27.8867
"468",468,"1519A",113.167,27.8667
"469",469,"1520A",113.143,27.8381
"470",470,"1524A",113.13,27.8528
"471",471,"1552A",106.805,26.3003
"472",472,"1559A",113.251,27.8336
"473",473,"1562A",113.0048,27.9153
"474",474,"1564A",112.4876,27.9164
"475",475,"1585A",109.8756,40.6532
"476",476,"1586A",109.8104,40.6575
"477",477,"1587A",110.0067,40.5905
"478",478,"1588A",109.8538,40.6821
"479",479,"1589A",109.8654,40.6288
"480",480,"1590A",110.0377,40.5546
"481",481,"1591A",110.0023,39.8129
"482",482,"1592A",109.9486,39.8261
"483",483,"1593A",109.7736,39.5986
"484",484,"1594A",109.8119,39.5989
"485",485,"1595A",109.9734,39.7884
"486",486,"1596A",122.2414,40.6592
"487",487,"1597A",122.2703,40.7094
"488",488,"1598A",122.215,40.6511
"489",489,"1599A",122.1658,40.6789
"490",490,"1600A",124.3303,40.0625
"491",491,"1601A",124.4256,40.1503
"492",492,"1602A",124.3933,40.1461
"493",493,"1603A",124.3678,40.1194
"494",494,"1604A",122.0247,41.1556
"495",495,"1605A",122.0539,41.0903
"496",496,"1606A",121.835,41.1042
"497",497,"1608A",120.8392,40.7514
"498",498,"1609A",120.8478,40.715
"499",499,"1610A",120.8631,40.7736
"500",500,"1611A",118.5819,24.9117
"501",501,"1612A",118.5972,24.8978
"502",502,"1613A",118.6663,24.9424
"503",503,"1614A",118.6108,24.9617
"504",504,"1615A",117.685,36.205
"505",505,"1616A",117.6789,36.2289
"506",506,"1617A",117.715,36.2081
"507",507,"1618A",118.3418,35.0573
"508",508,"1619A",118.2939,35.0622
"509",509,"1620A",118.2764,34.9817
"510",510,"1621A",118.4023,35.0896
"511",511,"1622A",116.3061,37.4664
"512",512,"1623A",116.2729,37.4504
"513",513,"1624A",116.3189,37.4489
"514",514,"1625A",115.9848,36.4372
"515",515,"1626A",115.9968,36.4568
"516",516,"1627A",115.9835,36.4796
"517",517,"1628A",118.0062,37.3803
"518",518,"1629A",118.0018,37.3617
"519",519,"1630A",117.9776,37.393
"520",520,"1631A",118.0482,36.8088
"521",521,"1632A",118.0448,36.838
"522",522,"1633A",117.8477,36.497
"523",523,"1635A",118.3092,36.8198
"524",524,"1636A",117.8512,36.8041
"525",525,"1637A",117.5564,34.864
"526",526,"1638A",117.2852,34.7837
"527",527,"1639A",117.5852,34.7745
"528",528,"1640A",117.732,34.5667
"529",529,"1641A",117.4518,35.0992
"530",530,"1643A",121.3719,37.5433
"531",531,"1644A",121.3181,37.5436
"532",532,"1645A",121.4478,37.4822
"533",533,"1646A",121.2611,37.4967
"534",534,"1647A",121.5953,37.3872
"535",535,"1648A",119.12,36.7019
"536",536,"1649A",119.0919,36.7306
"537",537,"1650A",119.1425,36.7008
"538",538,"1651A",119.1614,36.6572
"539",539,"1652A",119.1939,36.7731
"540",540,"1653A",116.6305,35.428
"541",541,"1654A",116.5856,35.4144
"542",542,"1655A",116.5546,35.4039
"543",543,"1656A",117.1436,36.1942
"544",544,"1657A",117.0881,36.1942
"545",545,"1658A",117.1081,36.1758
"546",546,"1659A",119.4641,35.4178
"547",547,"1665A",118.5019,37.4658
"548",548,"1666A",118.6672,37.4314
"549",549,"1667A",118.5857,37.4442
"550",550,"1668A",118.8192,37.3781
"551",551,"1669A",113.586606,24.769519
"552",552,"1670A",113.5593889,24.81119444
"553",553,"1671A",113.598061,24.795928
"554",554,"1672A",113.6734722,24.77908333
"555",555,"1673A",113.5970833,24.68636111
"556",556,"1674A",116.6794,23.3667
"557",557,"1675A",116.7244,23.3633
"558",558,"1676A",116.7258,23.2775
"559",559,"1677A",116.7519,23.4714
"560",560,"1678A",116.6092,23.2539
"561",561,"1679A",116.4019,23.2536
"562",562,"1680A",110.3539,21.2706
"563",563,"1681A",110.3928,21.2228
"564",564,"1682A",110.4019,21.1997
"565",565,"1683A",110.4111,21.2028
"566",566,"1684A",110.3316,21.2679
"567",567,"1685A",110.4558,21.2567
"568",568,"1687A",110.9294,21.6533
"569",569,"1688A",110.9067,21.6669
"570",570,"1689A",110.8592,21.6828
"571",571,"1690A",116.1278,24.3289
"572",572,"1691A",116.0797,24.2719
"573",573,"1692A",116.1248,24.2654
"574",574,"1693A",115.3653,22.775
"575",575,"1694A",115.3706,22.7898
"576",576,"1695A",115.3622,22.7925
"577",577,"1696A",114.6778,23.7569
"578",578,"1697A",114.6944,23.7586
"579",579,"1698A",114.6892,23.7233
"580",580,"1699A",111.9786,21.8586
"581",581,"1700A",111.9508,21.8536
"582",582,"1701A",111.9494,21.865
"583",583,"1702A",113.0425,23.6936
"584",584,"1703A",113.0208,23.7106
"585",585,"1704A",113.0622,23.6272
"586",586,"1705A",116.6339,23.6714
"587",587,"1706A",116.6447,23.6706
"588",588,"1707A",116.6175,23.6531
"589",589,"1708A",116.3697,23.5353
"590",590,"1709A",116.3242,23.5486
"591",591,"1710A",116.3594,23.5739
"592",592,"1711A",116.4094,23.5292
"593",593,"1712A",112.0392,22.9169
"594",594,"1713A",112.0369,22.9394
"595",595,"1714A",112.0539,22.9539
"596",596,"1715A",102.5778,24.3694
"597",597,"1716A",102.5433,24.3603
"598",598,"1717A",102.4964,24.3411
"599",599,"1718A",115.42277,35.248889
"600",600,"1719A",115.474722,35.2375
"601",601,"1720A",115.455,35.27
"602",602,"1721A",113.3819,40.1097
"603",603,"1722A",113.2858,40.0958
"604",604,"1723A",113.2994,40.0758
"605",605,"1724A",113.3444,40.0917
"606",606,"1725A",113.2661,40.1269
"607",607,"1726A",113.2711,40.0844
"608",608,"1727A",113.1097,36.1542
"609",609,"1728A",113.0972,36.1939
"610",610,"1729A",113.1466,36.1961
"611",611,"1730A",113.0886,36.2126
"612",612,"1731A",113.0844444,36.1855
"613",613,"1732A",111.5125,36.0978
"614",614,"1733A",111.5531,36.0783
"615",615,"1734A",111.5028,36.0714
"616",616,"1735A",111.5169,36.0822
"617",617,"1736A",111.5025,36.0875
"618",618,"1737A",111.4917,36.0417
"619",619,"1738A",113.5753,37.8564
"620",620,"1739A",113.4922,37.8792
"621",621,"1740A",113.5922,37.8561
"622",622,"1741A",113.6292,37.8531
"623",623,"1742A",113.5689,37.8694
"624",624,"1743A",113.5158,37.85
"625",625,"1744A",118.9233,42.2814
"626",626,"1745A",118.9572,42.2725
"627",627,"1746A",118.8789,42.2556
"628",628,"1747A",119.2719,42.0317
"629",629,"1748A",123.044,41.1196
"630",630,"1749A",123.011,41.0931
"631",631,"1750A",123.0485,41.1442
"632",632,"1751A",122.9642,41.0971
"633",633,"1752A",122.9481,41.0833
"634",634,"1753A",123.0156,41.0831
"635",635,"1754A",123.1289,41.0228
"636",636,"1755A",123.81,41.8469
"637",637,"1756A",123.9169,41.8828
"638",638,"1757A",124.0383,41.8625
"639",639,"1758A",123.9,41.8594
"640",640,"1759A",124.0878,41.8864
"641",641,"1760A",123.7117,41.8417
"642",642,"1761A",123.8436,41.3283
"643",643,"1762A",123.7528,41.3369
"644",644,"1763A",123.7308,41.3047
"645",645,"1764A",123.7669,41.2864
"646",646,"1765A",123.7989,41.2692
"647",647,"1766A",123.8142,41.3472
"648",648,"1767A",121.0986,41.0781
"649",649,"1769A",121.2008,41.1219
"650",650,"1770A",121.1178,41.1222
"651",651,"1771A",121.1303,41.1386
"652",652,"1772A",126.555,43.8875
"653",653,"1773A",126.5844,43.8358
"654",654,"1774A",126.4978,43.8228
"655",655,"1775A",126.5786,43.8947
"656",656,"1776A",126.55,43.8256
"657",657,"1778A",126.6772,43.7256
"658",658,"1779A",123.9305,47.3636
"659",659,"1780A",123.9305,47.3386
"660",660,"1781A",123.9483,47.3227
"661",661,"1782A",123.6261,47.203
"662",662,"1783A",123.945,47.2988
"663",663,"1784A",129.61,44.561
"664",664,"1785A",129.6115,44.5782
"665",665,"1786A",129.5902,44.5952
"666",666,"1787A",129.6459,44.6104
"667",667,"1788A",129.6386,44.5462
"668",668,"1789A",124.8354,46.0347
"669",669,"1790A",125.112,46.528
"670",670,"1791A",124.8847,46.3991
"671",671,"1792A",125.1386,46.5776
"672",672,"1793A",124.8648,46.6219
"673",673,"1794A",118.3528,31.3508
"674",674,"1795A",118.37,31.4189
"675",675,"1796A",118.3708,31.3178
"676",676,"1797A",118.4022,31.3839
"677",677,"1798A",118.5058,31.6861
"678",678,"1799A",118.4828,31.6411
"679",679,"1800A",118.5106,31.7506
"680",680,"1801A",118.48,31.6928
"681",681,"1802A",118.6439,31.7133
"682",682,"1803A",115.9872,29.6816
"683",683,"1804A",115.9581,29.7048
"684",684,"1805A",115.988,29.7292
"685",685,"1806A",116.0174,29.6535
"686",686,"1807A",116.0628,29.6926
"687",687,"1808A",115.9114,29.6039
"688",688,"1809A",116.0726,29.7534
"689",689,"1810A",115.9936,29.5867
"690",690,"1811A",112.3628,34.6692
"691",691,"1812A",112.3939,34.6511
"692",692,"1813A",112.4333,34.67
"693",693,"1814A",112.4664,34.6869
"694",694,"1815A",112.4831,34.6869
"695",695,"1816A",112.3844,34.6231
"696",696,"1817A",112.4275,34.6258
"697",697,"1818A",114.483,36.061
"698",698,"1819A",114.32,36.086
"699",699,"1820A",114.358,36.087
"700",700,"1821A",114.3931,36.0883
"701",701,"1822A",114.286,36.11
"702",702,"1823A",114.3406,34.8022
"703",703,"1824A",114.3389,34.7781
"704",704,"1825A",114.3733,34.7975
"705",705,"1826A",114.2886,34.7967
"706",706,"1827A",113.261,35.235
"707",707,"1828A",113.227,35.213
"708",708,"1829A",113.2464,35.1764
"709",709,"1830A",113.1992,35.259
"710",710,"1831A",113.3064,33.7214
"711",711,"1832A",113.322,33.721
"712",712,"1833A",113.292,33.739
"713",713,"1834A",113.182,33.737
"714",714,"1835A",111.1928,34.7772
"715",715,"1836A",111.158,34.794
"716",716,"1837A",111.1858,34.7917
"717",717,"1838A",111.1489,34.7997
"718",718,"1839A",111.3009,30.7157
"719",719,"1840A",111.2992,30.698
"720",720,"1841A",111.3549,30.6463
"721",721,"1842A",111.268,30.696
"722",722,"1843A",111.3296,30.7819
"723",723,"1844A",112.2551,30.3175
"724",724,"1845A",112.2068,30.3515
"725",725,"1846A",112.2887,30.3055
"726",726,"1847A",113.1094,29.3578
"727",727,"1848A",113.1493,29.4251
"728",728,"1849A",113.1772,29.3678
"729",729,"1850A",113.2621,29.4758
"730",730,"1851A",112.9943,29.4402
"731",731,"1852A",113.2117,29.355
"732",732,"1853A",111.7044,29.0244
"733",733,"1854A",111.6975,28.9703
"734",734,"1855A",111.6753,29.0239
"735",735,"1856A",111.6794,29.0381
"736",736,"1857A",111.7158,29.1456
"737",737,"1858A",110.48,29.1389
"738",738,"1859A",110.4697,29.1242
"739",739,"1860A",110.5594,29.3547
"740",740,"1861A",110.4417,29.315
"741",741,"1862A",110.4144,25.3167
"742",742,"1863A",110.2819,25.2697
"743",743,"1864A",110.3089,25.2708
"744",744,"1865A",110.2869,25.2178
"745",745,"1866A",109.2256,21.5958
"746",746,"1867A",109.1436,21.4086
"747",747,"1868A",109.0981,21.4661
"748",748,"1869A",109.1778,21.5233
"749",749,"1870A",109.4883,24.3898
"750",750,"1871A",109.4108,24.3304
"751",751,"1872A",109.3886,24.3406
"752",752,"1873A",109.4221,24.299
"753",753,"1874A",109.3957,24.3663
"754",754,"1875A",109.4839,24.3158
"755",755,"1876A",109.5078,18.2489
"756",756,"1877A",109.4964,18.2681
"757",757,"1878A",104.7778,31.4747
"758",758,"1879A",104.7536,31.4539
"759",759,"1880A",104.6717,31.4656
"760",760,"1881A",104.7283,31.5072
"761",761,"1882A",104.5969,28.8194
"762",762,"1883A",104.6225,28.76611
"763",763,"1884A",104.6061,28.7867
"764",764,"1885A",104.6417,28.76389
"765",765,"1886A",104.5761,28.71583
"766",766,"1887A",104.6789,28.7989
"767",767,"1888A",101.68912,26.57098
"768",768,"1889A",101.5769,26.5928
"769",769,"1890A",101.7169,26.585
"770",770,"1891A",101.7453,26.5017
"771",771,"1893A",105.4306,28.9583
"772",772,"1894A",105.4436,28.9026
"773",773,"1895A",105.4322,28.8558
"774",774,"1896A",105.4322,28.8833
"775",775,"1897A",104.7547,29.3628
"776",776,"1898A",104.7214,29.3586
"777",777,"1899A",104.7747,29.3564
"778",778,"1900A",104.7692,29.3411
"779",779,"1901A",104.4219,31.1208
"780",780,"1902A",104.3883,31.1333
"781",781,"1903A",104.4053,31.1167
"782",782,"1904A",104.3539,31.1108
"783",783,"1905A",106.056,30.8064
"784",784,"1906A",106.0789,30.8023
"785",785,"1907A",106.1031,30.8217
"786",786,"1908A",106.1064,30.7856
"787",787,"1909A",106.0642,30.7636
"788",788,"1910A",106.1087,30.8388
"789",789,"1911A",106.9222,27.6869
"790",790,"1912A",106.9242,27.7019
"791",791,"1913A",106.8906,27.6486
"792",792,"1914A",106.9231,27.6506
"793",793,"1915A",106.9178,27.72
"794",794,"1916A",103.7897,25.5035
"795",795,"1917A",103.8,25.5364
"796",796,"1918A",108.7197,34.3956
"797",797,"1919A",108.6761,34.3181
"798",798,"1920A",108.7233,34.3617
"799",799,"1921A",108.7369,34.3164
"800",800,"1922A",109.0656,35.0994
"801",801,"1923A",109.0697,35.0697
"802",802,"1924A",108.9344,34.9058
"803",803,"1925A",108.9589,34.8731
"804",804,"1926A",109.4131,36.6275
"805",805,"1927A",109.4761,36.6028
"806",806,"1928A",109.4824,36.5767
"807",807,"1929A",109.5056,36.6106
"808",808,"1930A",107.1586,34.3708
"809",809,"1931A",107.0708,34.3017
"810",810,"1932A",107.1906,34.3672
"811",811,"1933A",107.1431,34.3547
"812",812,"1934A",107.1186,34.3739
"813",813,"1935A",107.3906,34.3528
"814",814,"1936A",107.2058,34.3497
"815",815,"1937A",107.2386,34.3622
"816",816,"1938A",109.5293,34.5101
"817",817,"1939A",109.5049,34.5004
"818",818,"1940A",109.4636,34.493
"819",819,"1941A",109.4266,34.5021
"820",820,"1942A",102.1878,38.5247
"821",821,"1943A",102.1725,38.5339
"822",822,"1944A",102.1708,38.5061
"823",823,"1945A",98.2908,39.7711
"824",824,"1947A",106.3394,38.817
"825",825,"1948A",106.3717,39.0153
"826",826,"1949A",106.7704,39.2282
"827",827,"1950A",106.7096,39.1292
"828",828,"1951A",84.8861,45.6033
"829",829,"1952A",84.8897,45.5828
"830",830,"1953A",85.1186,45.6886
"831",831,"1954A",84.8983,44.3336
"832",832,"1955A",85.6931,46.0872
"833",833,"1956A",86.1461,41.7511
"834",834,"1957A",86.2022,41.7192
"835",835,"1958A",86.2381,41.7128
"836",836,"1959A",118.746,36.881
"837",837,"1960A",118.78,36.864
"839",839,"1962A",117.541,36.71
"840",840,"1963A",120.61,36.44
"841",841,"1964A",120.47,36.39
"842",842,"1965A",120.005,35.878
"843",843,"1966A",120.039,35.872
"844",844,"1967A",120.008,36.283
"845",845,"1968A",120.014,36.253
"846",846,"1969A",120.537,36.865
"847",847,"1970A",120.515,36.885
"848",848,"1971A",119.952,36.792
"849",849,"1972A",119.976,36.799
"850",850,"1975A",120.399,37.374
"851",851,"1976A",120.394,37.364
"852",852,"1977A",119.941,37.177
"853",853,"1978A",119.959,37.18
"854",854,"1979A",122.471,37.154
"855",855,"1980A",122.41,37.161
"856",856,"1981A",122.038,37.197
"857",857,"1982A",122.019,37.187
"858",858,"1983A",121.531,36.913
"859",859,"1984A",121.544,36.907
"860",860,"1985A",120.636,31.155
"861",861,"1986A",120.635,31.17
"862",862,"1987A",120.658,31.172
"863",863,"1988A",120.953,31.388
"864",864,"1989A",120.999,31.381
"865",865,"1990A",120.758,31.67
"866",866,"1991A",120.721,31.671
"867",867,"1992A",120.734,31.656
"868",868,"1993A",120.526,31.874
"869",869,"1994A",120.55,31.882
"870",870,"1995A",121.115,31.453
"871",871,"1996A",121.14,31.422
"872",872,"1997A",119.146,31.955
"873",873,"1998A",119.18,31.955
"874",874,"1999A",120.268,31.92
"875",875,"2000A",120.237,31.909
"876",876,"2001A",120.302,31.92
"877",877,"2002A",119.818,31.354
"878",878,"2003A",119.794,31.371
"879",879,"2004A",119.579,31.751
"880",880,"2005A",119.579,31.737
"881",881,"2006A",119.46,31.4
"882",882,"2007A",119.438,31.317
"883",883,"2008A",121.173,31.896
"884",884,"2009A",121.1518,31.89708
"885",885,"2010A",119.7183,30.2366
"886",886,"2011A",119.6942,30.2311
"887",887,"2012A",119.954,30.054
"888",888,"2013A",119.946,30.049
"889",889,"2014A",120.091,29.305
"890",890,"2015A",120.04,29.334
"891",891,"2016A",120.251,29.719
"892",892,"2017A",120.209,29.732
"893",893,"2018A",121.989,39.625
"894",894,"2019A",122.011,39.617
"895",895,"2031A",113.1817,27.9958
"896",896,"2054A",114.1044,32.1078
"897",897,"2064A",114.0122,32.1403
"898",898,"2065A",114.0681,32.1342
"899",899,"2066A",114.0614,32.1383
"900",900,"2067A",114.6613,33.6128
"901",901,"2068A",114.6758,33.6347
"902",902,"2069A",114.6546,33.5979
"903",903,"2070A",114.6369,33.6406
"904",904,"2073A",117.7206,24.5086
"905",905,"2074A",117.6569,24.5157
"906",906,"2075A",117.6336,24.4674
"907",907,"2160A",112.85,35.5051
"908",908,"2161A",112.835,35.4934
"909",909,"2162A",112.8564,35.4883
"910",910,"2163A",112.8664,35.4894
"911",911,"2164A",112.8252,35.4813
"912",912,"2165A",112.8453,35.546
"913",913,"2166A",112.44,39.3514
"914",914,"2167A",112.4549,39.3606
"915",915,"2168A",112.4254,39.3179
"916",916,"2169A",112.4078,39.3265
"917",917,"2170A",112.4279,39.3673
"918",918,"2171A",112.7549,37.7019
"919",919,"2173A",112.7306,37.7111
"920",920,"2174A",112.7105,37.7087
"921",921,"2175A",110.9956,35.0147
"922",922,"2176A",111.0233,35.0611
"923",923,"2178A",110.9678,35.0308
"924",924,"2179A",111.0414,35.1147
"925",925,"2180A",112.7356,38.4186
"926",926,"2181A",112.7383,38.4519
"927",927,"2182A",112.7003,38.4928
"928",928,"2183A",111.1406,37.5211
"929",929,"2185A",111.1297,37.5136
"930",930,"2186A",106.8219,39.6719
"931",931,"2187A",106.8089,39.6969
"932",932,"2188A",106.7931,39.6572
"933",933,"2189A",122.2603,43.6267
"934",934,"2190A",122.3039,43.6156
"935",935,"2191A",122.2532,43.6801
"936",936,"2192A",119.7594,49.2261
"937",937,"2193A",119.7283,49.2014
"938",938,"2194A",107.5936,40.916
"939",939,"2195A",107.4211,40.7608
"940",940,"2196A",107.3715,40.7378
"941",941,"2197A",113.1306,40.9923
"942",942,"2198A",113.0974,41.038
"943",943,"2199A",122.062,46.0872
"944",944,"2200A",122.0506,46.0703
"945",945,"2201A",121.9462,46.0756
"946",946,"2202A",116.1042,43.9317
"947",947,"2203A",116.0781,43.9311
"948",948,"2204A",105.6775,38.8343
"949",949,"2205A",105.6975,38.843
"950",950,"2206A",105.724,38.8516
"951",951,"2207A",121.6178,41.9967
"952",952,"2208A",121.6561,42.0186
"953",953,"2209A",121.6972,42.0503
"954",954,"2210A",121.6722,42.0228
"955",955,"2211A",121.6592,42.0486
"956",956,"2212A",123.2,41.1953
"957",957,"2213A",123.15,41.2553
"958",958,"2214A",123.1761,41.2736
"959",959,"2215A",123.1417,41.2894
"960",960,"2216A",123.8139,42.3022
"961",961,"2217A",123.8831,42.2953
"962",962,"2218A",123.8489,42.2864
"963",963,"2219A",123.7153,42.2217
"964",964,"2220A",120.4439,41.5931
"965",965,"2221A",120.4486,41.5672
"966",966,"2222A",120.4247,41.5647
"967",967,"2223A",120.3939,41.615
"968",968,"2224A",124.3419,43.1747
"969",969,"2225A",124.3711,43.1594
"970",970,"2226A",124.3897,43.1847
"971",971,"2227A",125.1358,42.8947
"972",972,"2228A",125.1567,42.8953
"973",973,"2229A",125.9361,41.7156
"974",974,"2230A",125.9486,41.7381
"975",975,"2231A",126.4047,41.9206
"976",976,"2232A",126.4078,41.9419
"977",977,"2233A",124.8292,45.0878
"978",978,"2234A",124.8528,45.1642
"979",979,"2235A",122.8444,45.6289
"980",980,"2236A",122.8211,45.6175
"981",981,"2237A",129.4892,42.8939
"982",982,"2238A",129.5042,42.9061
"983",983,"2239A",129.3675,42.8775
"984",984,"2240A",130.962,45.2924
"985",985,"2241A",130.9817,45.305
"986",986,"2242A",131.0103,45.2948
"987",987,"2243A",130.9298,45.2978
"988",988,"2244A",130.2659,47.3349
"989",989,"2245A",130.261,47.2753
"990",990,"2246A",130.3172,47.3489
"991",991,"2247A",130.1097,47.3382
"992",992,"2248A",131.1638,46.6572
"993",993,"2249A",131.1651,46.619
"994",994,"2250A",131.1516,46.6462
"995",995,"2251A",131.1572,46.5888
"996",996,"2252A",128.8736,47.7222
"997",997,"2253A",128.9094,47.7317
"998",998,"2254A",129.4942,48.4658
"999",999,"2255A",130.2719,46.8025
"1000",1000,"2256A",130.3961,46.8267
"1001",1001,"2257A",130.3258,46.7975
"1002",1002,"2258A",130.3648,46.8032
"1003",1003,"2259A",130.3794,46.7588
"1004",1004,"2260A",131.0032,45.7677
"1005",1005,"2261A",130.8625,45.8194
"1006",1006,"2262A",130.9467,45.8309
"1007",1007,"2266A",126.9934,46.6384
"1008",1008,"2267A",126.9636,46.6527
"1009",1009,"2270A",117.3961,32.939
"1010",1010,"2271A",117.3575,32.9444
"1011",1011,"2272A",117.3086,32.935
"1012",1012,"2273A",117.4186,32.8913
"1013",1013,"2274A",117.3536,32.9673
"1014",1014,"2275A",117.3065,32.8985
"1015",1015,"2276A",117.0417,32.6611
"1016",1016,"2277A",116.8028,32.7639
"1017",1017,"2278A",117.0083,32.645
"1018",1018,"2279A",116.8556,32.6028
"1019",1019,"2280A",116.8306,32.6319
"1020",1020,"2281A",116.7039,32.625
"1021",1021,"2282A",116.8008,33.975
"1022",1022,"2283A",116.8067,33.8997
"1023",1023,"2284A",116.7844,33.9461
"1024",1024,"2285A",117.8178,30.9414
"1025",1025,"2286A",117.8078,30.9222
"1026",1026,"2287A",117.7806,30.9414
"1027",1027,"2288A",117.7442,30.8811
"1028",1028,"2289A",117.8561,30.9219
"1029",1029,"2290A",117.8472,30.9697
"1030",1030,"2291A",117.0549,30.5103
"1031",1031,"2292A",117.0331111,30.51197222
"1032",1032,"2293A",117.0486,30.5489
"1033",1033,"2294A",116.9894,30.6145
"1034",1034,"2295A",118.3057,29.7128
"1035",1035,"2296A",118.3236,29.7207
"1036",1036,"2297A",118.1371,30.2756
"1037",1037,"2298A",118.3094,32.3153
"1038",1038,"2299A",118.3244,32.2786
"1039",1039,"2300A",118.3158,32.3061
"1040",1040,"2301A",115.8275,32.8928
"1041",1041,"2303A",115.8556,32.8603
"1042",1042,"2304A",116.9765,33.6481
"1043",1043,"2305A",116.9677,33.6284
"1044",1044,"2306A",116.989,33.63063889
"1045",1045,"2307A",116.508,31.7371
"1046",1046,"2308A",116.478,31.7618
"1047",1047,"2309A",116.5068,31.7797
"1048",1048,"2310A",116.5661,31.7712
"1049",1049,"2311A",115.8067,33.8399
"1050",1050,"2312A",115.7831,33.8561
"1051",1051,"2313A",117.4808,30.6414
"1052",1052,"2314A",117.4697,30.6617
"1053",1053,"2315A",117.4974,30.6539
"1054",1054,"2316A",118.7581,30.9447
"1055",1055,"2317A",118.7386,30.9742
"1056",1056,"2318A",118.7175,30.9431
"1057",1057,"2319A",119.0156,25.442
"1058",1058,"2320A",119.0018,25.4552
"1059",1059,"2322A",119.1015,25.3214
"1060",1060,"2323A",118.981,25.4792
"1061",1061,"2324A",117.6211,26.2625
"1062",1062,"2325A",117.6353,26.2708
"1063",1063,"2326A",117.6028,26.2378
"1064",1064,"2327A",117.7275,26.3108
"1065",1065,"2331A",118.0966,26.6761
"1066",1066,"2332A",118.1694,26.6383
"1067",1067,"2333A",118.1819,26.6514
"1068",1068,"2334A",118.1756,26.6272
"1069",1069,"2335A",117.0181,25.1174
"1070",1070,"2336A",117.0216,25.1035
"1071",1071,"2337A",117.0256,25.0661
"1072",1072,"2338A",117.0151,25.0311
"1073",1073,"2339A",119.5001,26.6946
"1074",1074,"2340A",119.5202,26.6607
"1075",1075,"2341A",119.5392,26.6611
"1076",1076,"2342A",117.3097,29.3864
"1077",1077,"2343A",117.2111,29.2958
"1078",1078,"2344A",117.1983,29.2786
"1079",1079,"2345A",117.1558,29.2647
"1080",1080,"2346A",117.2461,29.2956
"1081",1081,"2347A",114.0944,27.4948
"1082",1082,"2348A",113.8381,27.6428
"1083",1083,"2349A",113.8447,27.6231
"1084",1084,"2350A",113.8686,27.6442
"1085",1085,"2351A",113.865,27.6178
"1086",1086,"2352A",115.0586,27.7758
"1087",1087,"2353A",114.9831,27.8344
"1088",1088,"2354A",114.9289,27.8328
"1089",1089,"2355A",114.9314,27.8036
"1090",1090,"2356A",114.9119,27.8042
"1091",1091,"2357A",116.9622,28.095
"1092",1092,"2358A",117.0564,28.2642
"1093",1093,"2359A",117.0281,28.2403
"1094",1094,"2360A",117.0222,28.2264
"1095",1095,"2361A",116.9983,28.2169
"1096",1096,"2362A",114.9064,25.9118
"1097",1097,"2363A",114.9367,25.8664
"1098",1098,"2364A",114.9461,25.8481
"1099",1099,"2365A",114.9322,25.8333
"1100",1100,"2366A",114.8905,25.8471
"1101",1101,"2367A",114.9817,27.0658
"1102",1102,"2368A",114.9739,27.11
"1103",1103,"2369A",114.99,27.1311
"1104",1104,"2370A",115.0075,27.0983
"1105",1105,"2371A",114.3442,27.8036
"1106",1106,"2372A",114.3806,27.8014
"1107",1107,"2373A",114.3953,27.7842
"1108",1108,"2374A",114.3703,27.7914
"1109",1109,"2375A",114.4011,27.8072
"1110",1110,"2376A",116.2239,28.0797
"1111",1111,"2377A",116.3553,27.9883
"1112",1112,"2378A",116.3598,27.9639
"1113",1113,"2379A",116.3574,28.0005
"1114",1114,"2380A",116.385,27.9647
"1115",1115,"2381A",118.0058,28.4569
"1116",1116,"2382A",117.973,28.4459
"1117",1117,"2383A",117.9511,28.4622
"1118",1118,"2384A",117.9033,28.4303
"1119",1119,"2385A",114.17,35.9019
"1120",1120,"2386A",114.2956,35.7511
"1121",1121,"2387A",114.2878,35.7306
"1122",1122,"2388A",113.926,35.279
"1123",1123,"2389A",113.836,35.31
"1124",1124,"2390A",113.884,35.272
"1125",1125,"2391A",113.883,35.303
"1126",1126,"2392A",115.031,35.763
"1127",1127,"2393A",114.9906,35.767
"1128",1128,"2394A",115.0628,35.7672
"1129",1129,"2395A",115.0772,35.767
"1130",1130,"2396A",113.8331,34.0117
"1131",1131,"2397A",113.8208,34.0314
"1132",1132,"2398A",113.7906,33.9953
"1133",1133,"2399A",114.056,33.567
"1134",1134,"2400A",114.005,33.568
"1135",1135,"2401A",114.014,33.581
"1136",1136,"2402A",114.0322,33.5653
"1137",1137,"2403A",112.5192,32.9917
"1138",1138,"2404A",112.5224,33.0122
"1139",1139,"2405A",112.5003,32.9735
"1140",1140,"2406A",112.5573,33.027
"1141",1141,"2407A",112.55,32.9683
"1142",1142,"2408A",115.6697,34.4286
"1143",1143,"2409A",115.6558,34.429
"1144",1144,"2410A",115.6386,34.407
"1145",1145,"2411A",115.6578,34.402
"1146",1146,"2420A",114.018,32.965
"1147",1147,"2421A",114.0131,33.0069
"1148",1148,"2422A",113.996,32.996
"1149",1149,"2423A",115.0625,30.2352
"1150",1150,"2424A",115.0767,30.2028
"1151",1151,"2425A",114.9551,30.1765
"1152",1152,"2426A",114.8949,30.2043
"1153",1153,"2427A",115.0264,30.2099
"1154",1154,"2428A",111.0419,32.395
"1155",1155,"2429A",110.78,32.6494
"1156",1156,"2430A",110.7258,32.6389
"1157",1157,"2431A",110.8839,32.5714
"1158",1158,"2432A",112.155,32.0197
"1159",1159,"2433A",112.1392,32.0564
"1160",1160,"2434A",112.1825,32.1142
"1161",1161,"2435A",112.2106,32.0903
"1162",1162,"2436A",114.8878,30.3944
"1163",1163,"2437A",114.8989,30.3714
"1164",1164,"2438A",114.8131,30.4133
"1165",1165,"2439A",112.2014,31.0483
"1166",1166,"2440A",112.1969,30.9892
"1167",1167,"2441A",112.2211,31.0386
"1168",1168,"2442A",112.1931,31.0375
"1169",1169,"2443A",113.9153,30.9285
"1170",1170,"2444A",113.942,30.9075
"1171",1171,"2445A",114.8857,30.4522
"1172",1172,"2446A",114.9028,30.4742
"1173",1173,"2447A",114.3036,29.8181
"1174",1174,"2448A",114.3231,29.8211
"1175",1175,"2449A",114.2894,29.8539
"1176",1176,"2450A",114.3372,29.8686
"1177",1177,"2451A",113.3583,31.7275
"1178",1178,"2452A",113.3833,31.6908
"1179",1179,"2453A",113.3983,31.7308
"1180",1180,"2454A",109.5039,30.2989
"1181",1181,"2455A",109.4689,30.2819
"1182",1182,"2456A",112.5328,26.9089
"1183",1183,"2457A",112.6194,26.9258
"1184",1184,"2458A",112.6211,26.8956
"1185",1185,"2459A",112.6197,26.8733
"1186",1186,"2460A",112.6006,26.8919
"1187",1187,"2461A",112.5664,26.9056
"1188",1188,"2462A",111.5239,27.3033
"1189",1189,"2463A",111.4733,27.2317
"1190",1190,"2464A",111.4908,27.2582
"1191",1191,"2465A",111.4503,27.2537
"1192",1192,"2466A",111.4328,27.2272
"1193",1193,"2467A",112.4067,28.6428
"1194",1194,"2468A",112.3458,28.5808
"1195",1195,"2469A",112.3439,28.56
"1196",1196,"2470A",112.3347,28.6047
"1197",1197,"2471A",112.3744,28.5819
"1198",1198,"2472A",113.0073,25.9061
"1199",1199,"2473A",113.0116,25.8226
"1200",1200,"2474A",113.0119,25.8179
"1201",1201,"2475A",113.0383,25.8071
"1202",1202,"2476A",113.0348,25.7759
"1203",1203,"2477A",111.6217,26.2081
"1204",1204,"2478A",111.6156,26.4214
"1205",1205,"2479A",111.6236,26.2331
"1206",1206,"2480A",111.5992,26.4364
"1207",1207,"2481A",111.5989,26.4519
"1208",1208,"2482A",109.9333,27.5733
"1209",1209,"2483A",109.9453,27.5444
"1210",1210,"2484A",109.9792,27.5342
"1211",1211,"2485A",109.9972,27.5578
"1212",1212,"2486A",110.0394,27.583
"1214",1214,"2488A",111.9975,27.725
"1215",1215,"2489A",112.0194,27.7314
"1216",1216,"2490A",111.9561,27.7569
"1217",1217,"2491A",111.9892,27.7044
"1218",1218,"2492A",109.6414,28.2558
"1219",1219,"2493A",109.7325,28.3169
"1220",1220,"2494A",109.6958,28.2675
"1221",1221,"2495A",111.2897,23.4792
"1222",1222,"2496A",111.3178,23.475
"1223",1223,"2497A",111.2353,23.415
"1224",1224,"2498A",111.26,23.4794
"1225",1225,"2499A",108.3411,21.6158
"1226",1226,"2500A",108.3511,21.7631
"1227",1227,"2501A",108.3506,21.6414
"1228",1228,"2502A",108.6236,21.9667
"1229",1229,"2503A",108.6553,21.9508
"1230",1230,"2504A",108.5989,21.7431
"1231",1231,"2505A",109.5681,23.1478
"1232",1232,"2506A",109.6042,23.0672
"1233",1233,"2507A",109.6014,23.0944
"1234",1234,"2508A",109.5683,23.1036
"1235",1235,"2509A",110.1106,22.7019
"1236",1236,"2510A",110.1675,22.6411
"1237",1237,"2511A",110.1433,22.6164
"1238",1238,"2512A",106.6103,23.9011
"1239",1239,"2513A",106.6527,23.8844
"1240",1240,"2514A",111.5269,24.4175
"1241",1241,"2515A",111.5622,24.4072
"1242",1242,"2516A",108.2134,24.7121
"1243",1243,"2517A",108.054,24.6928
"1244",1244,"2518A",108.1009,24.6967
"1245",1245,"2519A",109.2131,23.7208
"1246",1246,"2520A",109.2317,23.7369
"1247",1247,"2521A",107.3476,22.4137
"1248",1248,"2522A",107.3701,22.3708
"1249",1249,"2523A",105.8945,32.4535
"1250",1250,"2524A",105.8242,32.4429
"1251",1251,"2525A",105.8153,32.4246
"1252",1252,"2526A",105.8624,32.4285
"1253",1253,"2527A",105.7519,30.5797
"1254",1254,"2528A",105.68,30.6133
"1255",1255,"2529A",105.8161,30.6347
"1256",1256,"2530A",105.5956,30.475
"1257",1257,"2531A",105.0331,29.5953
"1258",1258,"2532A",105.0717,29.5947
"1259",1259,"2533A",105.0653,29.5817
"1260",1260,"2534A",105.0406,29.5822
"1261",1261,"2535A",103.7705,29.5467
"1262",1262,"2536A",103.7627,29.5844
"1263",1263,"2537A",103.7506,29.6007
"1264",1264,"2538A",103.757,29.5634
"1265",1265,"2539A",103.8986,30.0506
"1266",1266,"2540A",103.8416,30.0874
"1267",1267,"2541A",103.8495,30.0691
"1268",1268,"2542A",103.8341,30.062
"1269",1269,"2543A",106.631,30.518
"1270",1270,"2544A",106.6303,30.4576
"1271",1271,"2545A",106.6271,30.4663
"1272",1272,"2546A",106.6406,30.4844
"1273",1273,"2547A",106.6388,30.4551
"1274",1274,"2548A",107.5272,31.2797
"1275",1275,"2549A",107.525,31.215
"1276",1276,"2550A",107.4967,31.2108
"1277",1277,"2551A",107.5069,31.1956
"1278",1278,"2552A",107.4611,31.2058
"1279",1279,"2553A",103.009,30.0125
"1280",1280,"2554A",103.0013,29.9899
"1281",1281,"2555A",103.0109,29.9834
"1282",1282,"2556A",103.0001,29.9816
"1283",1283,"2557A",106.7583,31.8475
"1284",1284,"2558A",106.7389,31.8711
"1285",1285,"2559A",106.7594,31.8531
"1286",1286,"2560A",106.7608,31.8456
"1287",1287,"2561A",104.6617,30.1366
"1288",1288,"2562A",104.6356,30.1506
"1289",1289,"2563A",104.6289,30.1377
"1290",1290,"2564A",104.6469,30.1142
"1291",1291,"2565A",104.6294,30.1259
"1292",1292,"2566A",102.1755,31.9286
"1293",1293,"2567A",102.2218,31.9025
"1294",1294,"2568A",102.2402,31.8934
"1295",1295,"2569A",101.9628,30.0506
"1296",1296,"2570A",101.9603,30.0475
"1297",1297,"2571A",102.3419,27.8094
"1298",1298,"2572A",102.2714,27.8408
"1299",1299,"2573A",102.2625,27.8978
"1300",1300,"2574A",102.2689,27.8847
"1301",1301,"2575A",102.2311,27.8953
"1302",1302,"2576A",104.8,26.5892
"1303",1303,"2577A",104.83,26.5917
"1304",1304,"2578A",104.89,26.5939
"1305",1305,"2579A",104.8475,26.5894
"1306",1306,"2580A",104.9544,26.5506
"1307",1307,"2581A",105.9556,26.2611
"1308",1308,"2582A",105.9278,26.255
"1309",1309,"2583A",105.9394,26.2358
"1310",1310,"2584A",105.8853,26.2392
"1311",1311,"2585A",109.1916,27.7297
"1312",1312,"2586A",109.1794,27.7231
"1313",1313,"2587A",105.2864,27.3125
"1314",1314,"2588A",105.31,27.2944
"1315",1315,"2589A",104.9022,25.0925
"1316",1316,"2590A",104.8811,25.0992
"1317",1317,"2591A",107.9783,26.5747
"1318",1318,"2593A",107.5228,26.2403
"1319",1319,"2594A",99.1678,25.1081
"1320",1320,"2595A",99.1711,25.1328
"1321",1321,"2596A",103.7032,27.3392
"1322",1322,"2597A",103.7225,27.3361
"1323",1323,"2598A",100.2143,26.8576
"1324",1324,"2599A",100.2497,26.8802
"1325",1325,"2600A",100.2203,26.8906
"1326",1326,"2601A",100.98,22.7633
"1327",1327,"2602A",100.9817,22.8322
"1328",1328,"2603A",100.0869,23.8822
"1329",1329,"2604A",100.0782,23.8982
"1330",1330,"2605A",101.5482,25.0441
"1331",1331,"2606A",101.538,25.0492
"1332",1332,"2607A",103.3113,23.4626
"1333",1333,"2608A",103.3772,23.3993
"1334",1334,"2609A",103.386,23.4168
"1335",1335,"2610A",104.2533,23.3594
"1336",1336,"2611A",104.2319,23.3892
"1337",1337,"2612A",100.7939,22.0019
"1338",1338,"2613A",100.8017,22.0225
"1339",1339,"2614A",100.1542,25.7054
"1340",1340,"2615A",100.2171,25.5811
"1341",1341,"2616A",98.5842,24.428
"1342",1342,"2617A",98.578,24.441
"1343",1343,"2618A",98.8601,25.8567
"1344",1344,"2619A",98.8546,25.8417
"1345",1345,"2620A",99.7064,27.8136
"1346",1346,"2621A",99.7056,27.8317
"1347",1347,"2622A",97.1804,31.1278
"1348",1348,"2623A",97.1809,31.1254
"1349",1349,"2624A",91.7608,29.2313
"1350",1350,"2625A",91.7706,29.261
"1351",1351,"2626A",88.8876,29.2718
"1352",1352,"2627A",88.8931,29.2365
"1353",1353,"2628A",92.0657,31.4846
"1354",1354,"2629A",92.0505,31.4733
"1355",1355,"2630A",80.1161,32.5
"1356",1356,"2631A",80.0895,32.5039
"1357",1357,"2632A",94.3681,29.6376
"1358",1358,"2633A",94.3616,29.6632
"1359",1359,"2634A",106.9893,33.1842
"1360",1360,"2635A",107.0154,33.0706
"1361",1361,"2636A",107.0089,33.1138
"1362",1362,"2637A",107.007,33.0323
"1363",1363,"2638A",109.7414,38.3344
"1364",1364,"2639A",109.7456,38.2911
"1365",1365,"2640A",109.7289,38.2839
"1366",1366,"2641A",109.7336,38.2478
"1367",1367,"2642A",109.0311,32.6778
"1368",1368,"2643A",109.0281,32.6939
"1369",1369,"2644A",109.0072,32.6975
"1370",1370,"2645A",109.9154,33.8715
"1371",1371,"2646A",109.966,33.8509
"1372",1372,"2647A",104.1731,36.5458
"1373",1373,"2648A",104.1731,36.5481
"1374",1374,"2649A",106.005,34.3469
"1375",1375,"2650A",105.7281,34.5814
"1376",1376,"2651A",105.8614,34.5653
"1377",1377,"2652A",102.6219,37.9311
"1378",1378,"2653A",102.6469,37.9358
"1379",1379,"2654A",100.4686,38.9467
"1380",1380,"2655A",100.4497,38.9389
"1381",1381,"2656A",106.6692,35.5461
"1382",1382,"2657A",106.7039,35.5294
"1383",1383,"2658A",98.509,39.746
"1384",1384,"2659A",98.5023,39.7294
"1385",1385,"2660A",107.6831,35.7289
"1386",1386,"2661A",107.6406,35.5236
"1387",1387,"2662A",107.6364,35.7067
"1388",1388,"2663A",104.6228,35.5714
"1389",1389,"2664A",104.6169,35.5975
"1390",1390,"2665A",105.0822,33.3261
"1391",1391,"2667A",103.2139,35.6039
"1392",1392,"2668A",103.2064,35.5997
"1393",1393,"2669A",102.905,35.0003
"1394",1394,"2670A",102.1086,36.4997
"1395",1395,"2671A",100.9048,36.9639
"1396",1396,"2672A",102.0199,35.5102
"1397",1397,"2673A",100.6188,36.2866
"1398",1398,"2674A",100.2561,34.4714
"1399",1399,"2675A",97,33.0014
"1400",1400,"2676A",97.3731,37.3753
"1401",1401,"2677A",106.1532,37.9648
"1402",1402,"2678A",106.2025,37.9844
"1403",1403,"2679A",106.196,37.9723
"1404",1404,"2680A",105.0197,37.4514
"1405",1405,"2681A",105.18,37.0172
"1406",1406,"2682A",105.1971,37.5002
"1407",1407,"2683A",106.2319,36.1417
"1408",1408,"2684A",106.2792,36.0022
"1409",1409,"2685A",106.2375,36.0211
"1410",1410,"2686A",89.191,42.9409
"1411",1411,"2687A",89.1673,42.9559
"1412",1412,"2688A",93.5128,42.8172
"1413",1413,"2689A",93.4961,42.8328
"1414",1414,"2690A",87.9897,44.1564
"1415",1415,"2691A",87.2997,44.0114
"1416",1416,"2692A",87.2717,44.0297
"1417",1417,"2693A",82.0485,44.9079
"1418",1418,"2694A",82.0806,44.8969
"1419",1419,"2695A",80.2828,41.1636
"1420",1420,"2696A",80.2956,41.1933
"1421",1421,"2697A",76.1861,39.7153
"1422",1422,"2698A",75.9828,39.5371
"1423",1423,"2699A",75.9771,39.4699
"1424",1424,"2700A",75.9435,39.4365
"1425",1425,"2701A",79.9485,37.1152
"1426",1426,"2702A",79.9117,37.1013
"1427",1427,"2703A",81.2815,43.9404
"1428",1428,"2704A",81.2867,43.895
"1429",1429,"2705A",81.3364,43.941
"1430",1430,"2706A",82.9994,46.7432
"1431",1431,"2707A",88.1214,47.9047
"1432",1432,"2708A",88.1267,47.8515
"1433",1433,"2709A",86.0497,44.2967
"1434",1434,"2710A",86.0697,44.3075
"1435",1435,"2711A",87.5475,44.1756
"1436",1436,"2835A",101.7227,26.567
"1437",1437,"2842A",118.0936,24.5058
"1438",1438,"2845A",113.1569,36.1912
"1439",1439,"2846A",113.3208,23.1323
